<?xml version="1.0" encoding="UTF-8"?>
<templates id="template" xml:space="preserve">
	<!-- This XML snippet defines the ProductsPopUp template -->
    <t t-name="ProductsPopUp" owl="1">
        <Draggable>
            <div class="popup popup-selection pos_multi_variant" style="">
                <header class="title">
                    <t t-esc="props.title || 'Product'"/>
                </header>
                <div class="" style="max-height: 25rem; overflow: auto;">
                    <t t-foreach="props.products" t-as="product" t-key="product.id">
                        <div class="product-category">
                            <h2 class="category-title">
                                <t t-esc="product['attribute_id'][1]"/>
                            </h2>

                            <t t-set="attribute" t-value="product['attribute_id'][1]"/>

                            <div class="product-grid">
                                <t t-foreach="props.variant_details" t-as="variant" t-key="variant.id">
                                    <t t-foreach="product['value_ids']" t-as="val" t-key="val">
                                        <t t-if="variant['id'] == val">
                                            <article class="product-card"
                                                     t-on-click="()=>this.SelectVariant(product,variant)">
                                                <div t-if="getSelected(attribute, variant)" class="ribbon">Selected</div>
                                                <div class="product-image">
                                                    <img t-att-src="imageUrl()" alt="Product Variant"/>
                                                    <div class="price-tag">
                                                        + <t t-esc="env.pos.format_currency(product['extra_price'])"/>
                                                    </div>
                                                    <div class="variant-name">
                                                        <t t-esc="variant['name']"/>
                                                    </div>
                                                </div>
                                            </article>
                                        </t>
                                    </t>
                                </t>
                            </div>
                        </div>
                        <hr class="section-divider"/>
                    </t>
                </div>
                <footer class="footer">
                        <div class="button confirm" t-on-click="clickConfirm">Confirm</div>
                    <div class="button cancel" t-on-click="clickCancel">
                            Cancel
                        </div>
                    </footer>
                </div>
        </Draggable>
    </t>
</templates>